employee_residence,job_title,work_year,salary,salary_currency,salary_cad,converted_currency,da_median_annual_salary,da_average_annual_salary,usd_to_cad_exchange_rate,row-index,median_line,average_line
Canada,Data Analyst,2022,52000,USD,"$70,200.00",CAD,"$122,175.00","$131,404.25",1.35,1,"$122,175.00","$131,404.25"
Canada,Data Analyst,2022,100000,USD,"$135,000.00",CAD,,,,2,"$122,175.00","$131,404.25"
Canada,Data Analyst,2022,85000,USD,"$114,750.00",CAD,,,,3,"$122,175.00","$131,404.25"
Canada,Data Analyst,2022,65000,USD,"$87,750.00",CAD,,,,4,"$122,175.00","$131,404.25"
Canada,Data Analyst,2022,67000,USD,"$90,450.00",CAD,,,,5,"$122,175.00","$131,404.25"
Canada,Data Analyst,2022,75000,USD,"$101,250.00",CAD,,,,6,"$122,175.00","$131,404.25"
Canada,Data Analyst,2023,100000,USD,"$135,000.00",CAD,,,,7,"$122,175.00","$131,404.25"
Canada,Data Analyst,2023,130000,USD,"$175,500.00",CAD,,,,8,"$122,175.00","$131,404.25"
Canada,Data Analyst,2023,55000,CAD,"$55,000.00",CAD,,,,9,"$122,175.00","$131,404.25"
Canada,Data Analyst,2023,55000,CAD,"$55,000.00",CAD,,,,10,"$122,175.00","$131,404.25"
United States,Data Analyst,2020,85000,USD,"$114,750.00",CAD,,,,11,"$122,175.00","$131,404.25"
United States,Data Analyst,2020,91000,USD,"$122,850.00",CAD,,,,12,"$122,175.00","$131,404.25"
United States,Data Analyst,2020,72000,USD,"$97,200.00",CAD,,,,13,"$122,175.00","$131,404.25"
United States,Data Analyst,2021,50000,USD,"$67,500.00",CAD,,,,14,"$122,175.00","$131,404.25"
United States,Data Analyst,2021,90000,USD,"$121,500.00",CAD,,,,15,"$122,175.00","$131,404.25"
United States,Data Analyst,2021,75000,USD,"$101,250.00",CAD,,,,16,"$122,175.00","$131,404.25"
United States,Data Analyst,2021,80000,USD,"$108,000.00",CAD,,,,17,"$122,175.00","$131,404.25"
United States,Data Analyst,2021,80000,USD,"$108,000.00",CAD,,,,18,"$122,175.00","$131,404.25"
United States,Data Analyst,2021,90000,USD,"$121,500.00",CAD,,,,19,"$122,175.00","$131,404.25"
United States,Data Analyst,2021,93000,USD,"$125,550.00",CAD,,,,20,"$122,175.00","$131,404.25"
United States,Data Analyst,2021,62000,USD,"$83,700.00",CAD,,,,21,"$122,175.00","$131,404.25"
United States,Data Analyst,2021,60000,USD,"$81,000.00",CAD,,,,22,"$122,175.00","$131,404.25"
United States,Data Analyst,2021,135000,USD,"$182,250.00",CAD,,,,23,"$122,175.00","$131,404.25"
United States,Data Analyst,2022,109000,USD,"$147,150.00",CAD,,,,24,"$122,175.00","$131,404.25"
United States,Data Analyst,2022,75000,USD,"$101,250.00",CAD,,,,25,"$122,175.00","$131,404.25"
United States,Data Analyst,2022,150000,USD,"$202,500.00",CAD,,,,26,"$122,175.00","$131,404.25"
United States,Data Analyst,2022,150000,USD,"$202,500.00",CAD,,,,27,"$122,175.00","$131,404.25"
United States,Data Analyst,2022,150000,USD,"$202,500.00",CAD,,,,28,"$122,175.00","$131,404.25"
United States,Data Analyst,2022,150000,USD,"$202,500.00",CAD,,,,29,"$122,175.00","$131,404.25"
United States,Data Analyst,2022,50000,USD,"$67,500.00",CAD,,,,30,"$122,175.00","$131,404.25"
United States,Data Analyst,2022,50000,USD,"$67,500.00",CAD,,,,31,"$122,175.00","$131,404.25"
United States,Data Analyst,2022,50000,USD,"$67,500.00",CAD,,,,32,"$122,175.00","$131,404.25"
United States,Data Analyst,2022,160000,USD,"$216,000.00",CAD,,,,33,"$122,175.00","$131,404.25"
United States,Data Analyst,2022,150000,USD,"$202,500.00",CAD,,,,34,"$122,175.00","$131,404.25"
United States,Data Analyst,2022,150000,USD,"$202,500.00",CAD,,,,35,"$122,175.00","$131,404.25"
United States,Data Analyst,2022,52500,USD,"$70,875.00",CAD,,,,36,"$122,175.00","$131,404.25"
United States,Data Analyst,2022,150000,USD,"$202,500.00",CAD,,,,37,"$122,175.00","$131,404.25"
United States,Data Analyst,2022,150000,USD,"$202,500.00",CAD,,,,38,"$122,175.00","$131,404.25"
United States,Data Analyst,2022,150000,USD,"$202,500.00",CAD,,,,39,"$122,175.00","$131,404.25"
United States,Data Analyst,2022,144100,USD,"$194,535.00",CAD,,,,40,"$122,175.00","$131,404.25"
United States,Data Analyst,2022,136000,USD,"$183,600.00",CAD,,,,41,"$122,175.00","$131,404.25"
United States,Data Analyst,2022,48000,USD,"$64,800.00",CAD,,,,42,"$122,175.00","$131,404.25"
United States,Data Analyst,2022,135000,USD,"$182,250.00",CAD,,,,43,"$122,175.00","$131,404.25"
United States,Data Analyst,2022,130000,USD,"$175,500.00",CAD,,,,44,"$122,175.00","$131,404.25"
United States,Data Analyst,2022,126500,USD,"$170,775.00",CAD,,,,45,"$122,175.00","$131,404.25"
United States,Data Analyst,2022,124000,USD,"$167,400.00",CAD,,,,46,"$122,175.00","$131,404.25"
United States,Data Analyst,2022,55000,USD,"$74,250.00",CAD,,,,47,"$122,175.00","$131,404.25"
United States,Data Analyst,2022,55000,USD,"$74,250.00",CAD,,,,48,"$122,175.00","$131,404.25"
United States,Data Analyst,2022,124000,USD,"$167,400.00",CAD,,,,49,"$122,175.00","$131,404.25"
United States,Data Analyst,2022,115500,USD,"$155,925.00",CAD,,,,50,"$122,175.00","$131,404.25"
United States,Data Analyst,2022,113000,USD,"$152,550.00",CAD,,,,51,"$122,175.00","$131,404.25"
United States,Data Analyst,2022,58000,USD,"$78,300.00",CAD,,,,52,"$122,175.00","$131,404.25"
United States,Data Analyst,2022,58000,USD,"$78,300.00",CAD,,,,53,"$122,175.00","$131,404.25"
United States,Data Analyst,2022,112000,USD,"$151,200.00",CAD,,,,54,"$122,175.00","$131,404.25"
United States,Data Analyst,2022,160000,USD,"$216,000.00",CAD,,,,55,"$122,175.00","$131,404.25"
United States,Data Analyst,2022,109000,USD,"$147,150.00",CAD,,,,56,"$122,175.00","$131,404.25"
United States,Data Analyst,2022,109000,USD,"$147,150.00",CAD,,,,57,"$122,175.00","$131,404.25"
United States,Data Analyst,2022,106260,USD,"$143,451.00",CAD,,,,58,"$122,175.00","$131,404.25"
United States,Data Analyst,2022,105000,USD,"$141,750.00",CAD,,,,59,"$122,175.00","$131,404.25"
United States,Data Analyst,2022,102640,USD,"$138,564.00",CAD,,,,60,"$122,175.00","$131,404.25"
United States,Data Analyst,2022,100000,USD,"$135,000.00",CAD,,,,61,"$122,175.00","$131,404.25"
United States,Data Analyst,2022,100000,USD,"$135,000.00",CAD,,,,62,"$122,175.00","$131,404.25"
United States,Data Analyst,2022,100000,USD,"$135,000.00",CAD,,,,63,"$122,175.00","$131,404.25"
United States,Data Analyst,2022,100000,USD,"$135,000.00",CAD,,,,64,"$122,175.00","$131,404.25"
United States,Data Analyst,2022,100000,USD,"$135,000.00",CAD,,,,65,"$122,175.00","$131,404.25"
United States,Data Analyst,2022,60000,USD,"$81,000.00",CAD,,,,66,"$122,175.00","$131,404.25"
United States,Data Analyst,2022,60000,USD,"$81,000.00",CAD,,,,67,"$122,175.00","$131,404.25"
United States,Data Analyst,2022,160000,USD,"$216,000.00",CAD,,,,68,"$122,175.00","$131,404.25"
United States,Data Analyst,2022,100000,USD,"$135,000.00",CAD,,,,69,"$122,175.00","$131,404.25"
United States,Data Analyst,2022,100000,USD,"$135,000.00",CAD,,,,70,"$122,175.00","$131,404.25"
United States,Data Analyst,2022,100000,USD,"$135,000.00",CAD,,,,71,"$122,175.00","$131,404.25"
United States,Data Analyst,2022,62000,USD,"$83,700.00",CAD,,,,72,"$122,175.00","$131,404.25"
United States,Data Analyst,2022,160000,USD,"$216,000.00",CAD,,,,73,"$122,175.00","$131,404.25"
United States,Data Analyst,2022,100000,USD,"$135,000.00",CAD,,,,74,"$122,175.00","$131,404.25"
United States,Data Analyst,2022,100000,USD,"$135,000.00",CAD,,,,75,"$122,175.00","$131,404.25"
United States,Data Analyst,2022,97500,USD,"$131,625.00",CAD,,,,76,"$122,175.00","$131,404.25"
United States,Data Analyst,2022,64000,USD,"$86,400.00",CAD,,,,77,"$122,175.00","$131,404.25"
United States,Data Analyst,2022,165000,USD,"$222,750.00",CAD,,,,78,"$122,175.00","$131,404.25"
United States,Data Analyst,2022,165000,USD,"$222,750.00",CAD,,,,79,"$122,175.00","$131,404.25"
United States,Data Analyst,2022,34320,USD,"$46,332.00",CAD,,,,80,"$122,175.00","$131,404.25"
United States,Data Analyst,2022,46000,USD,"$62,100.00",CAD,,,,81,"$122,175.00","$131,404.25"
United States,Data Analyst,2022,167000,USD,"$225,450.00",CAD,,,,82,"$122,175.00","$131,404.25"
United States,Data Analyst,2022,85000,USD,"$114,750.00",CAD,,,,83,"$122,175.00","$131,404.25"
United States,Data Analyst,2022,206000,USD,"$278,100.00",CAD,,,,84,"$122,175.00","$131,404.25"
United States,Data Analyst,2022,65000,USD,"$87,750.00",CAD,,,,85,"$122,175.00","$131,404.25"
United States,Data Analyst,2022,65000,USD,"$87,750.00",CAD,,,,86,"$122,175.00","$131,404.25"
United States,Data Analyst,2022,206000,USD,"$278,100.00",CAD,,,,87,"$122,175.00","$131,404.25"
United States,Data Analyst,2022,80000,USD,"$108,000.00",CAD,,,,88,"$122,175.00","$131,404.25"
United States,Data Analyst,2022,66100,USD,"$89,235.00",CAD,,,,89,"$122,175.00","$131,404.25"
United States,Data Analyst,2022,80000,USD,"$108,000.00",CAD,,,,90,"$122,175.00","$131,404.25"
United States,Data Analyst,2022,79000,USD,"$106,650.00",CAD,,,,91,"$122,175.00","$131,404.25"
United States,Data Analyst,2022,216200,USD,"$291,870.00",CAD,,,,92,"$122,175.00","$131,404.25"
United States,Data Analyst,2022,75000,USD,"$101,250.00",CAD,,,,93,"$122,175.00","$131,404.25"
United States,Data Analyst,2022,150000,USD,"$202,500.00",CAD,,,,94,"$122,175.00","$131,404.25"
United States,Data Analyst,2023,36000,USD,"$48,600.00",CAD,,,,95,"$122,175.00","$131,404.25"
United States,Data Analyst,2023,250000,USD,"$337,500.00",CAD,,,,96,"$122,175.00","$131,404.25"
United States,Data Analyst,2023,70000,USD,"$94,500.00",CAD,,,,97,"$122,175.00","$131,404.25"
United States,Data Analyst,2023,70000,USD,"$94,500.00",CAD,,,,98,"$122,175.00","$131,404.25"
United States,Data Analyst,2023,70000,USD,"$94,500.00",CAD,,,,99,"$122,175.00","$131,404.25"
United States,Data Analyst,2023,70000,USD,"$94,500.00",CAD,,,,100,"$122,175.00","$131,404.25"
United States,Data Analyst,2023,70000,USD,"$94,500.00",CAD,,,,101,"$122,175.00","$131,404.25"
United States,Data Analyst,2023,70000,USD,"$94,500.00",CAD,,,,102,"$122,175.00","$131,404.25"
United States,Data Analyst,2023,70600,USD,"$95,310.00",CAD,,,,103,"$122,175.00","$131,404.25"
United States,Data Analyst,2023,70900,USD,"$95,715.00",CAD,,,,104,"$122,175.00","$131,404.25"
United States,Data Analyst,2023,71615,USD,"$96,680.25",CAD,,,,105,"$122,175.00","$131,404.25"
United States,Data Analyst,2023,72000,USD,"$97,200.00",CAD,,,,106,"$122,175.00","$131,404.25"
United States,Data Analyst,2023,69570,USD,"$93,919.50",CAD,,,,107,"$122,175.00","$131,404.25"
United States,Data Analyst,2023,72500,USD,"$97,875.00",CAD,,,,108,"$122,175.00","$131,404.25"
United States,Data Analyst,2023,73100,USD,"$98,685.00",CAD,,,,109,"$122,175.00","$131,404.25"
United States,Data Analyst,2023,74800,USD,"$100,980.00",CAD,,,,110,"$122,175.00","$131,404.25"
United States,Data Analyst,2023,75000,USD,"$101,250.00",CAD,,,,111,"$122,175.00","$131,404.25"
United States,Data Analyst,2023,75000,USD,"$101,250.00",CAD,,,,112,"$122,175.00","$131,404.25"
United States,Data Analyst,2023,75000,USD,"$101,250.00",CAD,,,,113,"$122,175.00","$131,404.25"
United States,Data Analyst,2023,75000,USD,"$101,250.00",CAD,,,,114,"$122,175.00","$131,404.25"
United States,Data Analyst,2023,75000,USD,"$101,250.00",CAD,,,,115,"$122,175.00","$131,404.25"
United States,Data Analyst,2023,75000,USD,"$101,250.00",CAD,,,,116,"$122,175.00","$131,404.25"
United States,Data Analyst,2023,75000,USD,"$101,250.00",CAD,,,,117,"$122,175.00","$131,404.25"
United States,Data Analyst,2023,75000,USD,"$101,250.00",CAD,,,,118,"$122,175.00","$131,404.25"
United States,Data Analyst,2023,75000,USD,"$101,250.00",CAD,,,,119,"$122,175.00","$131,404.25"
United States,Data Analyst,2023,75000,USD,"$101,250.00",CAD,,,,120,"$122,175.00","$131,404.25"
United States,Data Analyst,2023,75000,USD,"$101,250.00",CAD,,,,121,"$122,175.00","$131,404.25"
United States,Data Analyst,2023,75000,USD,"$101,250.00",CAD,,,,122,"$122,175.00","$131,404.25"
United States,Data Analyst,2023,75000,USD,"$101,250.00",CAD,,,,123,"$122,175.00","$131,404.25"
United States,Data Analyst,2023,75000,USD,"$101,250.00",CAD,,,,124,"$122,175.00","$131,404.25"
United States,Data Analyst,2023,75000,USD,"$101,250.00",CAD,,,,125,"$122,175.00","$131,404.25"
United States,Data Analyst,2023,75000,USD,"$101,250.00",CAD,,,,126,"$122,175.00","$131,404.25"
United States,Data Analyst,2023,75000,USD,"$101,250.00",CAD,,,,127,"$122,175.00","$131,404.25"
United States,Data Analyst,2023,75000,USD,"$101,250.00",CAD,,,,128,"$122,175.00","$131,404.25"
United States,Data Analyst,2023,75000,USD,"$101,250.00",CAD,,,,129,"$122,175.00","$131,404.25"
United States,Data Analyst,2023,69525,USD,"$93,858.75",CAD,,,,130,"$122,175.00","$131,404.25"
United States,Data Analyst,2023,68000,USD,"$91,800.00",CAD,,,,131,"$122,175.00","$131,404.25"
United States,Data Analyst,2023,67500,USD,"$91,125.00",CAD,,,,132,"$122,175.00","$131,404.25"
United States,Data Analyst,2023,67500,USD,"$91,125.00",CAD,,,,133,"$122,175.00","$131,404.25"
United States,Data Analyst,2023,78000,USD,"$105,300.00",CAD,,,,134,"$122,175.00","$131,404.25"
United States,Data Analyst,2023,78000,USD,"$105,300.00",CAD,,,,135,"$122,175.00","$131,404.25"
United States,Data Analyst,2023,79000,USD,"$106,650.00",CAD,,,,136,"$122,175.00","$131,404.25"
United States,Data Analyst,2023,79000,USD,"$106,650.00",CAD,,,,137,"$122,175.00","$131,404.25"
United States,Data Analyst,2023,67500,USD,"$91,125.00",CAD,,,,138,"$122,175.00","$131,404.25"
United States,Data Analyst,2023,80000,USD,"$108,000.00",CAD,,,,139,"$122,175.00","$131,404.25"
United States,Data Analyst,2023,80000,USD,"$108,000.00",CAD,,,,140,"$122,175.00","$131,404.25"
United States,Data Analyst,2023,80000,USD,"$108,000.00",CAD,,,,141,"$122,175.00","$131,404.25"
United States,Data Analyst,2023,80000,USD,"$108,000.00",CAD,,,,142,"$122,175.00","$131,404.25"
United States,Data Analyst,2023,80000,USD,"$108,000.00",CAD,,,,143,"$122,175.00","$131,404.25"
United States,Data Analyst,2023,80000,USD,"$108,000.00",CAD,,,,144,"$122,175.00","$131,404.25"
United States,Data Analyst,2023,80000,USD,"$108,000.00",CAD,,,,145,"$122,175.00","$131,404.25"
United States,Data Analyst,2023,80000,USD,"$108,000.00",CAD,,,,146,"$122,175.00","$131,404.25"
United States,Data Analyst,2023,80000,USD,"$108,000.00",CAD,,,,147,"$122,175.00","$131,404.25"
United States,Data Analyst,2023,80000,USD,"$108,000.00",CAD,,,,148,"$122,175.00","$131,404.25"
United States,Data Analyst,2023,80000,USD,"$108,000.00",CAD,,,,149,"$122,175.00","$131,404.25"
United States,Data Analyst,2023,80000,USD,"$108,000.00",CAD,,,,150,"$122,175.00","$131,404.25"
United States,Data Analyst,2023,80000,USD,"$108,000.00",CAD,,,,151,"$122,175.00","$131,404.25"
United States,Data Analyst,2023,80000,USD,"$108,000.00",CAD,,,,152,"$122,175.00","$131,404.25"
United States,Data Analyst,2023,80000,USD,"$108,000.00",CAD,,,,153,"$122,175.00","$131,404.25"
United States,Data Analyst,2023,80000,USD,"$108,000.00",CAD,,,,154,"$122,175.00","$131,404.25"
United States,Data Analyst,2023,80000,USD,"$108,000.00",CAD,,,,155,"$122,175.00","$131,404.25"
United States,Data Analyst,2023,80000,USD,"$108,000.00",CAD,,,,156,"$122,175.00","$131,404.25"
United States,Data Analyst,2023,66691,USD,"$90,032.85",CAD,,,,157,"$122,175.00","$131,404.25"
United States,Data Analyst,2023,66000,USD,"$89,100.00",CAD,,,,158,"$122,175.00","$131,404.25"
United States,Data Analyst,2023,65300,USD,"$88,155.00",CAD,,,,159,"$122,175.00","$131,404.25"
United States,Data Analyst,2023,65000,USD,"$87,750.00",CAD,,,,160,"$122,175.00","$131,404.25"
United States,Data Analyst,2023,80800,USD,"$109,080.00",CAD,,,,161,"$122,175.00","$131,404.25"
United States,Data Analyst,2023,80800,USD,"$109,080.00",CAD,,,,162,"$122,175.00","$131,404.25"
United States,Data Analyst,2023,81500,USD,"$110,025.00",CAD,,,,163,"$122,175.00","$131,404.25"
United States,Data Analyst,2023,83000,USD,"$112,050.00",CAD,,,,164,"$122,175.00","$131,404.25"
United States,Data Analyst,2023,83500,USD,"$112,725.00",CAD,,,,165,"$122,175.00","$131,404.25"
United States,Data Analyst,2023,85000,USD,"$114,750.00",CAD,,,,166,"$122,175.00","$131,404.25"
United States,Data Analyst,2023,85000,USD,"$114,750.00",CAD,,,,167,"$122,175.00","$131,404.25"
United States,Data Analyst,2023,85000,USD,"$114,750.00",CAD,,,,168,"$122,175.00","$131,404.25"
United States,Data Analyst,2023,85000,USD,"$114,750.00",CAD,,,,169,"$122,175.00","$131,404.25"
United States,Data Analyst,2023,85000,USD,"$114,750.00",CAD,,,,170,"$122,175.00","$131,404.25"
United States,Data Analyst,2023,85000,USD,"$114,750.00",CAD,,,,171,"$122,175.00","$131,404.25"
United States,Data Analyst,2023,85000,USD,"$114,750.00",CAD,,,,172,"$122,175.00","$131,404.25"
United States,Data Analyst,2023,85000,USD,"$114,750.00",CAD,,,,173,"$122,175.00","$131,404.25"
United States,Data Analyst,2023,85000,USD,"$114,750.00",CAD,,,,174,"$122,175.00","$131,404.25"
United States,Data Analyst,2023,85000,USD,"$114,750.00",CAD,,,,175,"$122,175.00","$131,404.25"
United States,Data Analyst,2023,85000,USD,"$114,750.00",CAD,,,,176,"$122,175.00","$131,404.25"
United States,Data Analyst,2023,65000,USD,"$87,750.00",CAD,,,,177,"$122,175.00","$131,404.25"
United States,Data Analyst,2023,65000,USD,"$87,750.00",CAD,,,,178,"$122,175.00","$131,404.25"
United States,Data Analyst,2023,65000,USD,"$87,750.00",CAD,,,,179,"$122,175.00","$131,404.25"
United States,Data Analyst,2023,85256,USD,"$115,095.60",CAD,,,,180,"$122,175.00","$131,404.25"
United States,Data Analyst,2023,86000,USD,"$116,100.00",CAD,,,,181,"$122,175.00","$131,404.25"
United States,Data Analyst,2023,86000,USD,"$116,100.00",CAD,,,,182,"$122,175.00","$131,404.25"
United States,Data Analyst,2023,86400,USD,"$116,640.00",CAD,,,,183,"$122,175.00","$131,404.25"
United States,Data Analyst,2023,86500,USD,"$116,775.00",CAD,,,,184,"$122,175.00","$131,404.25"
United States,Data Analyst,2023,87500,USD,"$118,125.00",CAD,,,,185,"$122,175.00","$131,404.25"
United States,Data Analyst,2023,87500,USD,"$118,125.00",CAD,,,,186,"$122,175.00","$131,404.25"
United States,Data Analyst,2023,87500,USD,"$118,125.00",CAD,,,,187,"$122,175.00","$131,404.25"
United States,Data Analyst,2023,88000,USD,"$118,800.00",CAD,,,,188,"$122,175.00","$131,404.25"
United States,Data Analyst,2023,88200,USD,"$119,070.00",CAD,,,,189,"$122,175.00","$131,404.25"
United States,Data Analyst,2023,90000,USD,"$121,500.00",CAD,,,,190,"$122,175.00","$131,404.25"
United States,Data Analyst,2023,90000,USD,"$121,500.00",CAD,,,,191,"$122,175.00","$131,404.25"
United States,Data Analyst,2023,90000,USD,"$121,500.00",CAD,,,,192,"$122,175.00","$131,404.25"
United States,Data Analyst,2023,90000,USD,"$121,500.00",CAD,,,,193,"$122,175.00","$131,404.25"
United States,Data Analyst,2023,90000,USD,"$121,500.00",CAD,,,,194,"$122,175.00","$131,404.25"
United States,Data Analyst,2023,90000,USD,"$121,500.00",CAD,,,,195,"$122,175.00","$131,404.25"
United States,Data Analyst,2023,90000,USD,"$121,500.00",CAD,,,,196,"$122,175.00","$131,404.25"
United States,Data Analyst,2023,90000,USD,"$121,500.00",CAD,,,,197,"$122,175.00","$131,404.25"
United States,Data Analyst,2023,90000,USD,"$121,500.00",CAD,,,,198,"$122,175.00","$131,404.25"
United States,Data Analyst,2023,90000,USD,"$121,500.00",CAD,,,,199,"$122,175.00","$131,404.25"
United States,Data Analyst,2023,65000,USD,"$87,750.00",CAD,,,,200,"$122,175.00","$131,404.25"
United States,Data Analyst,2023,65000,USD,"$87,750.00",CAD,,,,201,"$122,175.00","$131,404.25"
United States,Data Analyst,2023,64500,USD,"$87,075.00",CAD,,,,202,"$122,175.00","$131,404.25"
United States,Data Analyst,2023,93000,USD,"$125,550.00",CAD,,,,203,"$122,175.00","$131,404.25"
United States,Data Analyst,2023,64200,USD,"$86,670.00",CAD,,,,204,"$122,175.00","$131,404.25"
United States,Data Analyst,2023,93400,USD,"$126,090.00",CAD,,,,205,"$122,175.00","$131,404.25"
United States,Data Analyst,2023,94035,USD,"$126,947.25",CAD,,,,206,"$122,175.00","$131,404.25"
United States,Data Analyst,2023,94600,USD,"$127,710.00",CAD,,,,207,"$122,175.00","$131,404.25"
United States,Data Analyst,2023,94600,USD,"$127,710.00",CAD,,,,208,"$122,175.00","$131,404.25"
United States,Data Analyst,2023,95000,USD,"$128,250.00",CAD,,,,209,"$122,175.00","$131,404.25"
United States,Data Analyst,2023,95000,USD,"$128,250.00",CAD,,,,210,"$122,175.00","$131,404.25"
United States,Data Analyst,2023,95000,USD,"$128,250.00",CAD,,,,211,"$122,175.00","$131,404.25"
United States,Data Analyst,2023,95000,USD,"$128,250.00",CAD,,,,212,"$122,175.00","$131,404.25"
United States,Data Analyst,2023,95000,USD,"$128,250.00",CAD,,,,213,"$122,175.00","$131,404.25"
United States,Data Analyst,2023,95000,USD,"$128,250.00",CAD,,,,214,"$122,175.00","$131,404.25"
United States,Data Analyst,2023,95000,USD,"$128,250.00",CAD,,,,215,"$122,175.00","$131,404.25"
United States,Data Analyst,2023,95000,USD,"$128,250.00",CAD,,,,216,"$122,175.00","$131,404.25"
United States,Data Analyst,2023,95000,USD,"$128,250.00",CAD,,,,217,"$122,175.00","$131,404.25"
United States,Data Analyst,2023,95400,USD,"$128,790.00",CAD,,,,218,"$122,175.00","$131,404.25"
United States,Data Analyst,2023,96750,USD,"$130,612.50",CAD,,,,219,"$122,175.00","$131,404.25"
United States,Data Analyst,2023,63600,USD,"$85,860.00",CAD,,,,220,"$122,175.00","$131,404.25"
United States,Data Analyst,2023,97750,USD,"$131,962.50",CAD,,,,221,"$122,175.00","$131,404.25"
United States,Data Analyst,2023,98873,USD,"$133,478.55",CAD,,,,222,"$122,175.00","$131,404.25"
United States,Data Analyst,2023,100000,USD,"$135,000.00",CAD,,,,223,"$122,175.00","$131,404.25"
United States,Data Analyst,2023,100000,USD,"$135,000.00",CAD,,,,224,"$122,175.00","$131,404.25"
United States,Data Analyst,2023,100000,USD,"$135,000.00",CAD,,,,225,"$122,175.00","$131,404.25"
United States,Data Analyst,2023,100000,USD,"$135,000.00",CAD,,,,226,"$122,175.00","$131,404.25"
United States,Data Analyst,2023,100000,USD,"$135,000.00",CAD,,,,227,"$122,175.00","$131,404.25"
United States,Data Analyst,2023,100000,USD,"$135,000.00",CAD,,,,228,"$122,175.00","$131,404.25"
United States,Data Analyst,2023,100000,USD,"$135,000.00",CAD,,,,229,"$122,175.00","$131,404.25"
United States,Data Analyst,2023,100000,USD,"$135,000.00",CAD,,,,230,"$122,175.00","$131,404.25"
United States,Data Analyst,2023,100000,USD,"$135,000.00",CAD,,,,231,"$122,175.00","$131,404.25"
United States,Data Analyst,2023,100000,USD,"$135,000.00",CAD,,,,232,"$122,175.00","$131,404.25"
United States,Data Analyst,2023,100000,USD,"$135,000.00",CAD,,,,233,"$122,175.00","$131,404.25"
United States,Data Analyst,2023,100000,USD,"$135,000.00",CAD,,,,234,"$122,175.00","$131,404.25"
United States,Data Analyst,2023,100000,USD,"$135,000.00",CAD,,,,235,"$122,175.00","$131,404.25"
United States,Data Analyst,2023,100000,USD,"$135,000.00",CAD,,,,236,"$122,175.00","$131,404.25"
United States,Data Analyst,2023,100000,USD,"$135,000.00",CAD,,,,237,"$122,175.00","$131,404.25"
United States,Data Analyst,2023,62500,USD,"$84,375.00",CAD,,,,238,"$122,175.00","$131,404.25"
United States,Data Analyst,2023,62500,USD,"$84,375.00",CAD,,,,239,"$122,175.00","$131,404.25"
United States,Data Analyst,2023,61800,USD,"$83,430.00",CAD,,,,240,"$122,175.00","$131,404.25"
United States,Data Analyst,2023,61200,USD,"$82,620.00",CAD,,,,241,"$122,175.00","$131,404.25"
United States,Data Analyst,2023,61200,USD,"$82,620.00",CAD,,,,242,"$122,175.00","$131,404.25"
United States,Data Analyst,2023,60000,USD,"$81,000.00",CAD,,,,243,"$122,175.00","$131,404.25"
United States,Data Analyst,2023,60000,USD,"$81,000.00",CAD,,,,244,"$122,175.00","$131,404.25"
United States,Data Analyst,2023,60000,USD,"$81,000.00",CAD,,,,245,"$122,175.00","$131,404.25"
United States,Data Analyst,2023,70000,USD,"$94,500.00",CAD,,,,246,"$122,175.00","$131,404.25"
United States,Data Analyst,2023,60000,USD,"$81,000.00",CAD,,,,247,"$122,175.00","$131,404.25"
United States,Data Analyst,2023,60000,USD,"$81,000.00",CAD,,,,248,"$122,175.00","$131,404.25"
United States,Data Analyst,2023,60000,USD,"$81,000.00",CAD,,,,249,"$122,175.00","$131,404.25"
United States,Data Analyst,2023,103200,USD,"$139,320.00",CAD,,,,250,"$122,175.00","$131,404.25"
United States,Data Analyst,2023,104000,USD,"$140,400.00",CAD,,,,251,"$122,175.00","$131,404.25"
United States,Data Analyst,2023,104000,USD,"$140,400.00",CAD,,,,252,"$122,175.00","$131,404.25"
United States,Data Analyst,2023,104000,USD,"$140,400.00",CAD,,,,253,"$122,175.00","$131,404.25"
United States,Data Analyst,2023,105000,USD,"$141,750.00",CAD,,,,254,"$122,175.00","$131,404.25"
United States,Data Analyst,2023,105000,USD,"$141,750.00",CAD,,,,255,"$122,175.00","$131,404.25"
United States,Data Analyst,2023,105000,USD,"$141,750.00",CAD,,,,256,"$122,175.00","$131,404.25"
United States,Data Analyst,2023,105000,USD,"$141,750.00",CAD,,,,257,"$122,175.00","$131,404.25"
United States,Data Analyst,2023,105000,USD,"$141,750.00",CAD,,,,258,"$122,175.00","$131,404.25"
United States,Data Analyst,2023,105000,USD,"$141,750.00",CAD,,,,259,"$122,175.00","$131,404.25"
United States,Data Analyst,2023,105000,USD,"$141,750.00",CAD,,,,260,"$122,175.00","$131,404.25"
United States,Data Analyst,2023,105000,USD,"$141,750.00",CAD,,,,261,"$122,175.00","$131,404.25"
United States,Data Analyst,2023,105000,USD,"$141,750.00",CAD,,,,262,"$122,175.00","$131,404.25"
United States,Data Analyst,2023,105000,USD,"$141,750.00",CAD,,,,263,"$122,175.00","$131,404.25"
United States,Data Analyst,2023,105000,USD,"$141,750.00",CAD,,,,264,"$122,175.00","$131,404.25"
United States,Data Analyst,2023,105000,USD,"$141,750.00",CAD,,,,265,"$122,175.00","$131,404.25"
United States,Data Analyst,2023,60000,USD,"$81,000.00",CAD,,,,266,"$122,175.00","$131,404.25"
United States,Data Analyst,2023,105320,USD,"$142,182.00",CAD,,,,267,"$122,175.00","$131,404.25"
United States,Data Analyst,2023,105380,USD,"$142,263.00",CAD,,,,268,"$122,175.00","$131,404.25"
United States,Data Analyst,2023,105500,USD,"$142,425.00",CAD,,,,269,"$122,175.00","$131,404.25"
United States,Data Analyst,2023,59500,USD,"$80,325.00",CAD,,,,270,"$122,175.00","$131,404.25"
United States,Data Analyst,2023,106300,USD,"$143,505.00",CAD,,,,271,"$122,175.00","$131,404.25"
United States,Data Analyst,2023,107500,USD,"$145,125.00",CAD,,,,272,"$122,175.00","$131,404.25"
United States,Data Analyst,2023,109000,USD,"$147,150.00",CAD,,,,273,"$122,175.00","$131,404.25"
United States,Data Analyst,2023,59000,USD,"$79,650.00",CAD,,,,274,"$122,175.00","$131,404.25"
United States,Data Analyst,2023,59000,USD,"$79,650.00",CAD,,,,275,"$122,175.00","$131,404.25"
United States,Data Analyst,2023,58400,USD,"$78,840.00",CAD,,,,276,"$122,175.00","$131,404.25"
United States,Data Analyst,2023,109900,USD,"$148,365.00",CAD,,,,277,"$122,175.00","$131,404.25"
United States,Data Analyst,2023,110000,USD,"$148,500.00",CAD,,,,278,"$122,175.00","$131,404.25"
United States,Data Analyst,2023,110000,USD,"$148,500.00",CAD,,,,279,"$122,175.00","$131,404.25"
United States,Data Analyst,2023,110000,USD,"$148,500.00",CAD,,,,280,"$122,175.00","$131,404.25"
United States,Data Analyst,2023,110000,USD,"$148,500.00",CAD,,,,281,"$122,175.00","$131,404.25"
United States,Data Analyst,2023,110000,USD,"$148,500.00",CAD,,,,282,"$122,175.00","$131,404.25"
United States,Data Analyst,2023,110000,USD,"$148,500.00",CAD,,,,283,"$122,175.00","$131,404.25"
United States,Data Analyst,2023,110000,USD,"$148,500.00",CAD,,,,284,"$122,175.00","$131,404.25"
United States,Data Analyst,2023,110000,USD,"$148,500.00",CAD,,,,285,"$122,175.00","$131,404.25"
United States,Data Analyst,2023,110000,USD,"$148,500.00",CAD,,,,286,"$122,175.00","$131,404.25"
United States,Data Analyst,2023,110000,USD,"$148,500.00",CAD,,,,287,"$122,175.00","$131,404.25"
United States,Data Analyst,2023,110000,USD,"$148,500.00",CAD,,,,288,"$122,175.00","$131,404.25"
United States,Data Analyst,2023,110000,USD,"$148,500.00",CAD,,,,289,"$122,175.00","$131,404.25"
United States,Data Analyst,2023,110000,USD,"$148,500.00",CAD,,,,290,"$122,175.00","$131,404.25"
United States,Data Analyst,2023,110000,USD,"$148,500.00",CAD,,,,291,"$122,175.00","$131,404.25"
United States,Data Analyst,2023,110000,USD,"$148,500.00",CAD,,,,292,"$122,175.00","$131,404.25"
United States,Data Analyst,2023,111000,USD,"$149,850.00",CAD,,,,293,"$122,175.00","$131,404.25"
United States,Data Analyst,2023,111000,USD,"$149,850.00",CAD,,,,294,"$122,175.00","$131,404.25"
United States,Data Analyst,2023,111151,USD,"$150,053.85",CAD,,,,295,"$122,175.00","$131,404.25"
United States,Data Analyst,2023,112000,USD,"$151,200.00",CAD,,,,296,"$122,175.00","$131,404.25"
United States,Data Analyst,2023,112000,USD,"$151,200.00",CAD,,,,297,"$122,175.00","$131,404.25"
United States,Data Analyst,2023,58161,USD,"$78,517.35",CAD,,,,298,"$122,175.00","$131,404.25"
United States,Data Analyst,2023,57920,USD,"$78,192.00",CAD,,,,299,"$122,175.00","$131,404.25"
United States,Data Analyst,2023,115000,USD,"$155,250.00",CAD,,,,300,"$122,175.00","$131,404.25"
United States,Data Analyst,2023,115000,USD,"$155,250.00",CAD,,,,301,"$122,175.00","$131,404.25"
United States,Data Analyst,2023,115000,USD,"$155,250.00",CAD,,,,302,"$122,175.00","$131,404.25"
United States,Data Analyst,2023,115000,USD,"$155,250.00",CAD,,,,303,"$122,175.00","$131,404.25"
United States,Data Analyst,2023,57800,USD,"$78,030.00",CAD,,,,304,"$122,175.00","$131,404.25"
United States,Data Analyst,2023,115950,USD,"$156,532.50",CAD,,,,305,"$122,175.00","$131,404.25"
United States,Data Analyst,2023,116000,USD,"$156,600.00",CAD,,,,306,"$122,175.00","$131,404.25"
United States,Data Analyst,2023,116000,USD,"$156,600.00",CAD,,,,307,"$122,175.00","$131,404.25"
United States,Data Analyst,2023,116700,USD,"$157,545.00",CAD,,,,308,"$122,175.00","$131,404.25"
United States,Data Analyst,2023,120000,USD,"$162,000.00",CAD,,,,309,"$122,175.00","$131,404.25"
United States,Data Analyst,2023,120000,USD,"$162,000.00",CAD,,,,310,"$122,175.00","$131,404.25"
United States,Data Analyst,2023,120000,USD,"$162,000.00",CAD,,,,311,"$122,175.00","$131,404.25"
United States,Data Analyst,2023,120000,USD,"$162,000.00",CAD,,,,312,"$122,175.00","$131,404.25"
United States,Data Analyst,2023,120000,USD,"$162,000.00",CAD,,,,313,"$122,175.00","$131,404.25"
United States,Data Analyst,2023,120000,USD,"$162,000.00",CAD,,,,314,"$122,175.00","$131,404.25"
United States,Data Analyst,2023,121000,USD,"$163,350.00",CAD,,,,315,"$122,175.00","$131,404.25"
United States,Data Analyst,2023,121500,USD,"$164,025.00",CAD,,,,316,"$122,175.00","$131,404.25"
United States,Data Analyst,2023,123000,USD,"$166,050.00",CAD,,,,317,"$122,175.00","$131,404.25"
United States,Data Analyst,2023,124000,USD,"$167,400.00",CAD,,,,318,"$122,175.00","$131,404.25"
United States,Data Analyst,2023,56100,USD,"$75,735.00",CAD,,,,319,"$122,175.00","$131,404.25"
United States,Data Analyst,2023,55000,USD,"$74,250.00",CAD,,,,320,"$122,175.00","$131,404.25"
United States,Data Analyst,2023,125000,USD,"$168,750.00",CAD,,,,321,"$122,175.00","$131,404.25"
United States,Data Analyst,2023,125000,USD,"$168,750.00",CAD,,,,322,"$122,175.00","$131,404.25"
United States,Data Analyst,2023,125000,USD,"$168,750.00",CAD,,,,323,"$122,175.00","$131,404.25"
United States,Data Analyst,2023,125000,USD,"$168,750.00",CAD,,,,324,"$122,175.00","$131,404.25"
United States,Data Analyst,2023,125000,USD,"$168,750.00",CAD,,,,325,"$122,175.00","$131,404.25"
United States,Data Analyst,2023,126000,USD,"$170,100.00",CAD,,,,326,"$122,175.00","$131,404.25"
United States,Data Analyst,2023,55000,USD,"$74,250.00",CAD,,,,327,"$122,175.00","$131,404.25"
United States,Data Analyst,2023,127075,USD,"$171,551.25",CAD,,,,328,"$122,175.00","$131,404.25"
United States,Data Analyst,2023,128000,USD,"$172,800.00",CAD,,,,329,"$122,175.00","$131,404.25"
United States,Data Analyst,2023,128000,USD,"$172,800.00",CAD,,,,330,"$122,175.00","$131,404.25"
United States,Data Analyst,2023,130000,USD,"$175,500.00",CAD,,,,331,"$122,175.00","$131,404.25"
United States,Data Analyst,2023,130000,USD,"$175,500.00",CAD,,,,332,"$122,175.00","$131,404.25"
United States,Data Analyst,2023,130000,USD,"$175,500.00",CAD,,,,333,"$122,175.00","$131,404.25"
United States,Data Analyst,2023,55000,USD,"$74,250.00",CAD,,,,334,"$122,175.00","$131,404.25"
United States,Data Analyst,2023,131000,USD,"$176,850.00",CAD,,,,335,"$122,175.00","$131,404.25"
United States,Data Analyst,2023,131650,USD,"$177,727.50",CAD,,,,336,"$122,175.00","$131,404.25"
United States,Data Analyst,2023,132600,USD,"$179,010.00",CAD,,,,337,"$122,175.00","$131,404.25"
United States,Data Analyst,2023,133000,USD,"$179,550.00",CAD,,,,338,"$122,175.00","$131,404.25"
United States,Data Analyst,2023,135000,USD,"$182,250.00",CAD,,,,339,"$122,175.00","$131,404.25"
United States,Data Analyst,2023,135000,USD,"$182,250.00",CAD,,,,340,"$122,175.00","$131,404.25"
United States,Data Analyst,2023,55000,USD,"$74,250.00",CAD,,,,341,"$122,175.00","$131,404.25"
United States,Data Analyst,2023,55000,USD,"$74,250.00",CAD,,,,342,"$122,175.00","$131,404.25"
United States,Data Analyst,2023,55000,USD,"$74,250.00",CAD,,,,343,"$122,175.00","$131,404.25"
United States,Data Analyst,2023,142000,USD,"$191,700.00",CAD,,,,344,"$122,175.00","$131,404.25"
United States,Data Analyst,2023,143000,USD,"$193,050.00",CAD,,,,345,"$122,175.00","$131,404.25"
United States,Data Analyst,2023,54000,USD,"$72,900.00",CAD,,,,346,"$122,175.00","$131,404.25"
United States,Data Analyst,2023,147600,USD,"$199,260.00",CAD,,,,347,"$122,175.00","$131,404.25"
United States,Data Analyst,2023,149000,USD,"$201,150.00",CAD,,,,348,"$122,175.00","$131,404.25"
United States,Data Analyst,2023,149500,USD,"$201,825.00",CAD,,,,349,"$122,175.00","$131,404.25"
United States,Data Analyst,2023,150000,USD,"$202,500.00",CAD,,,,350,"$122,175.00","$131,404.25"
United States,Data Analyst,2023,150000,USD,"$202,500.00",CAD,,,,351,"$122,175.00","$131,404.25"
United States,Data Analyst,2023,150000,USD,"$202,500.00",CAD,,,,352,"$122,175.00","$131,404.25"
United States,Data Analyst,2023,150000,USD,"$202,500.00",CAD,,,,353,"$122,175.00","$131,404.25"
United States,Data Analyst,2023,150000,USD,"$202,500.00",CAD,,,,354,"$122,175.00","$131,404.25"
United States,Data Analyst,2023,150000,USD,"$202,500.00",CAD,,,,355,"$122,175.00","$131,404.25"
United States,Data Analyst,2023,150000,USD,"$202,500.00",CAD,,,,356,"$122,175.00","$131,404.25"
United States,Data Analyst,2023,150000,USD,"$202,500.00",CAD,,,,357,"$122,175.00","$131,404.25"
United States,Data Analyst,2023,53800,USD,"$72,630.00",CAD,,,,358,"$122,175.00","$131,404.25"
United States,Data Analyst,2023,53800,USD,"$72,630.00",CAD,,,,359,"$122,175.00","$131,404.25"
United States,Data Analyst,2023,53000,USD,"$71,550.00",CAD,,,,360,"$122,175.00","$131,404.25"
United States,Data Analyst,2023,52500,USD,"$70,875.00",CAD,,,,361,"$122,175.00","$131,404.25"
United States,Data Analyst,2023,52500,USD,"$70,875.00",CAD,,,,362,"$122,175.00","$131,404.25"
United States,Data Analyst,2023,50000,USD,"$67,500.00",CAD,,,,363,"$122,175.00","$131,404.25"
United States,Data Analyst,2023,50000,USD,"$67,500.00",CAD,,,,364,"$122,175.00","$131,404.25"
United States,Data Analyst,2023,50000,USD,"$67,500.00",CAD,,,,365,"$122,175.00","$131,404.25"
United States,Data Analyst,2023,50000,USD,"$67,500.00",CAD,,,,366,"$122,175.00","$131,404.25"
United States,Data Analyst,2023,49000,USD,"$66,150.00",CAD,,,,367,"$122,175.00","$131,404.25"
United States,Data Analyst,2023,154000,USD,"$207,900.00",CAD,,,,368,"$122,175.00","$131,404.25"
United States,Data Analyst,2023,155000,USD,"$209,250.00",CAD,,,,369,"$122,175.00","$131,404.25"
United States,Data Analyst,2023,160000,USD,"$216,000.00",CAD,,,,370,"$122,175.00","$131,404.25"
United States,Data Analyst,2023,160000,USD,"$216,000.00",CAD,,,,371,"$122,175.00","$131,404.25"
United States,Data Analyst,2023,160000,USD,"$216,000.00",CAD,,,,372,"$122,175.00","$131,404.25"
United States,Data Analyst,2023,49000,USD,"$66,150.00",CAD,,,,373,"$122,175.00","$131,404.25"
United States,Data Analyst,2023,48000,USD,"$64,800.00",CAD,,,,374,"$122,175.00","$131,404.25"
United States,Data Analyst,2023,48000,USD,"$64,800.00",CAD,,,,375,"$122,175.00","$131,404.25"
United States,Data Analyst,2023,48000,USD,"$64,800.00",CAD,,,,376,"$122,175.00","$131,404.25"
United States,Data Analyst,2023,161000,USD,"$217,350.00",CAD,,,,377,"$122,175.00","$131,404.25"
United States,Data Analyst,2023,163800,USD,"$221,130.00",CAD,,,,378,"$122,175.00","$131,404.25"
United States,Data Analyst,2023,165000,USD,"$222,750.00",CAD,,,,379,"$122,175.00","$131,404.25"
United States,Data Analyst,2023,46500,USD,"$62,775.00",CAD,,,,380,"$122,175.00","$131,404.25"
United States,Data Analyst,2023,46500,USD,"$62,775.00",CAD,,,,381,"$122,175.00","$131,404.25"
United States,Data Analyst,2023,166000,USD,"$224,100.00",CAD,,,,382,"$122,175.00","$131,404.25"
United States,Data Analyst,2023,167000,USD,"$225,450.00",CAD,,,,383,"$122,175.00","$131,404.25"
United States,Data Analyst,2023,167000,USD,"$225,450.00",CAD,,,,384,"$122,175.00","$131,404.25"
United States,Data Analyst,2023,177000,USD,"$238,950.00",CAD,,,,385,"$122,175.00","$131,404.25"
United States,Data Analyst,2023,182500,USD,"$246,375.00",CAD,,,,386,"$122,175.00","$131,404.25"
United States,Data Analyst,2023,206000,USD,"$278,100.00",CAD,,,,387,"$122,175.00","$131,404.25"
United States,Data Analyst,2023,206000,USD,"$278,100.00",CAD,,,,388,"$122,175.00","$131,404.25"
United States,Data Analyst,2023,40400,USD,"$54,540.00",CAD,,,,389,"$122,175.00","$131,404.25"
United States,Data Analyst,2023,40000,USD,"$54,000.00",CAD,,,,390,"$122,175.00","$131,404.25"
United States,Data Analyst,2023,229000,USD,"$309,150.00",CAD,,,,391,"$122,175.00","$131,404.25"
United States,Data Analyst,2023,250000,USD,"$337,500.00",CAD,,,,392,"$122,175.00","$131,404.25"
United States,Data Analyst,2023,250000,USD,"$337,500.00",CAD,,,,393,"$122,175.00","$131,404.25"
United States,Data Analyst,2023,60000,USD,"$81,000.00",CAD,,,,394,"$122,175.00","$131,404.25"
,,,,,,,,,,395,"$122,175.00","$131,404.25"
